Designator,Val,Package,Mid X,Mid Y,Rotation,Layer
C1,100n,C_0805_2012Metric,42.775,-93.95,90.0,top
C2,100n,C_0805_2012Metric,42.775,-63.675,90.0,top
C3,100n,C_0805_2012Metric,81.05,-93.311764,90.0,top
C4,100n,C_0805_2012Metric,81.15,-64.261764,90.0,top
C5,47u,CP_EIA-3528-21_Kemet-B,81.9,-37.125,-90.0,top
J1,LED1,JST_XH_B2B-XH-A_1x02_P2.50mm_Vertical,36.6,-43.161764,0.0,top
J10,LED10,JST_XH_B2B-XH-A_1x02_P2.50mm_Vertical,55.075,-50.336764,0.0,top
J102,PWR,JST_XH_B2B-XH-A_1x02_P2.50mm_Vertical,74.175,-28.875,0.0,top
J103,Dim,JST_XH_B5B-XH-A_1x05_P2.50mm_Vertical,89.275,-28.8,0.0,top
J11,LED11,JST_XH_B2B-XH-A_1x02_P2.50mm_Vertical,55.075,-57.586764,0.0,top
J12,LED12,JST_XH_B2B-XH-A_1x02_P2.50mm_Vertical,55.05,-64.761764,0.0,top
J13,LED13,JST_XH_B2B-XH-A_1x02_P2.50mm_Vertical,55.025,-72.061764,0.0,top
J14,LED14,JST_XH_B2B-XH-A_1x02_P2.50mm_Vertical,55.025,-79.336764,0.0,top
J15,LED15,JST_XH_B2B-XH-A_1x02_P2.50mm_Vertical,55.025,-86.586764,0.0,top
J16,LED16,JST_XH_B2B-XH-A_1x02_P2.50mm_Vertical,55.05,-93.836764,0.0,top
J17,LED17,JST_XH_B2B-XH-A_1x02_P2.50mm_Vertical,74.725,-43.261764,0.0,top
J18,LED18,JST_XH_B2B-XH-A_1x02_P2.50mm_Vertical,74.725,-50.411764,0.0,top
J19,LED19,JST_XH_B2B-XH-A_1x02_P2.50mm_Vertical,74.725,-57.661764,0.0,top
J2,LED2,JST_XH_B2B-XH-A_1x02_P2.50mm_Vertical,36.575,-50.286764,0.0,top
J20,LED20,JST_XH_B2B-XH-A_1x02_P2.50mm_Vertical,74.725,-64.886764,0.0,top
J21,LED21,JST_XH_B2B-XH-A_1x02_P2.50mm_Vertical,74.725,-72.136764,0.0,top
J22,LED22,JST_XH_B2B-XH-A_1x02_P2.50mm_Vertical,74.725,-79.436764,0.0,top
J23,LED23,JST_XH_B2B-XH-A_1x02_P2.50mm_Vertical,74.725,-86.611764,0.0,top
J24,LED24,JST_XH_B2B-XH-A_1x02_P2.50mm_Vertical,74.725,-93.886764,0.0,top
J25,LED25,JST_XH_B2B-XH-A_1x02_P2.50mm_Vertical,93.375,-43.286764,0.0,top
J26,LED26,JST_XH_B2B-XH-A_1x02_P2.50mm_Vertical,93.35,-50.361764,0.0,top
J27,LED27,JST_XH_B2B-XH-A_1x02_P2.50mm_Vertical,93.325,-57.611764,0.0,top
J28,LED28,JST_XH_B2B-XH-A_1x02_P2.50mm_Vertical,93.3,-64.811764,0.0,top
J29,LED29,JST_XH_B2B-XH-A_1x02_P2.50mm_Vertical,93.325,-72.186764,0.0,top
J3,LED3,JST_XH_B2B-XH-A_1x02_P2.50mm_Vertical,36.55,-57.586764,0.0,top
J30,LED30,JST_XH_B2B-XH-A_1x02_P2.50mm_Vertical,93.3,-79.336764,0.0,top
J31,LED31,JST_XH_B2B-XH-A_1x02_P2.50mm_Vertical,93.275,-86.611764,0.0,top
J32,LED32,JST_XH_B2B-XH-A_1x02_P2.50mm_Vertical,93.25,-93.911764,0.0,top
J33,JST-XH_02_Pin_vertical,JST_XH_B2B-XH-A_1x02_P2.50mm_Vertical,63.425,-28.85,0.0,top
J34,JST-XH_02_Pin_vertical,JST_XH_B2B-XH-A_1x02_P2.50mm_Vertical,54.8,-28.85,0.0,top
J35,JST-XH_02_Pin_vertical,JST_XH_B2B-XH-A_1x02_P2.50mm_Vertical,46.175,-28.775,0.0,top
J36,JST-XH_02_Pin_vertical,JST_XH_B2B-XH-A_1x02_P2.50mm_Vertical,37.35,-28.775,0.0,top
J4,LED4,JST_XH_B2B-XH-A_1x02_P2.50mm_Vertical,36.55,-64.861764,0.0,top
J5,LED5,JST_XH_B2B-XH-A_1x02_P2.50mm_Vertical,36.575,-72.086764,0.0,top
J6,LED6,JST_XH_B2B-XH-A_1x02_P2.50mm_Vertical,36.55,-79.311764,0.0,top
J7,LED7,JST_XH_B2B-XH-A_1x02_P2.50mm_Vertical,36.525,-86.536764,0.0,top
J8,LED8,JST_XH_B2B-XH-A_1x02_P2.50mm_Vertical,36.6,-93.811764,0.0,top
J9,LED9,JST_XH_B2B-XH-A_1x02_P2.50mm_Vertical,55.075,-43.236764,0.0,top
R1,100,R_0805_2012Metric,45.35,-77.711764,180.0,top
R2,100,R_0805_2012Metric,45.425,-48.136764,180.0,top
R3,100,R_0805_2012Metric,83.2,-77.786764,180.0,top
R4,100,R_0805_2012Metric,83.7,-48.161764,180.0,top
RV1,5k,Potentiometer_Bourns_3214J_Horizontal,36.6,-36.986764,0.0,top
RV2,5k,Potentiometer_Bourns_3214J_Horizontal,55.225,-37.186764,0.0,top
RV3,5k,Potentiometer_Bourns_3214J_Horizontal,74.775,-37.261764,0.0,top
RV4,5k,Potentiometer_Bourns_3214J_Horizontal,93.625,-37.261764,0.0,top
U1,STP08DP05MTR,SO-16_3.9x9.9mm_P1.27mm,45.35,-86.036764,180.0,top
U2,STP08DP05MTR,SO-16_3.9x9.9mm_P1.27mm,45.425,-55.726764,180.0,top
U3,STP08DP05MTR,SO-16_3.9x9.9mm_P1.27mm,83.625,-85.876764,180.0,top
U4,STP08DP05MTR,SO-16_3.9x9.9mm_P1.27mm,83.625,-56.211764,180.0,top
